{"accuracy": [0.39471063017845154, 0.6775109171867371, 0.7316122055053711, 0.7496530413627625, 0.7579954862594604, 0.7657923698425293, 0.7596110105514526, 0.7658559083938599, 0.769982099533081, 0.7587370276451111], "loss": [2.283627510070801, 1.0457324981689453, 0.8565300703048706, 0.7937363386154175, 0.7647780179977417, 0.7428539991378784, 0.7724347710609436, 0.750571608543396, 0.7322625517845154, 0.796395480632782], "val_accuracy": [0.6280202269554138, 0.6764370203018188, 0.735967755317688, 0.7616673111915588, 0.765208899974823, 0.7620168328285217, 0.7579160928726196, 0.7755772471427917, 0.7737365961074829, 0.7633448839187622], "val_loss": [1.192968487739563, 1.0359110832214355, 0.8498464226722717, 0.7270522117614746, 0.7219263911247253, 0.788892924785614, 0.7504652142524719, 0.7021059393882751, 0.7090925574302673, 0.7322251200675964]}